{
    "prepare_queue": {
        "installed": [],
        "uninstalled": []
    },
    "config_munge": {
        "files": {
            "AndroidManifest.xml": {
                "parents": {
                    "/*": [
                        {
                            "xml": "<uses-permission android:name=\"android.permission.ACCESS_COARSE_LOCATION\" />",
                            "count": 1
                        },
                        {
                            "xml": "<uses-permission android:name=\"android.permission.ACCESS_FINE_LOCATION\" />",
                            "count": 1
                        }
                    ]
                }
            },
            "res/xml/config.xml": {
                "parents": {
                    "/*": [
                        {
                            "xml": "<feature name=\"Geolocation\"><param name=\"android-package\" value=\"org.apache.cordova.geolocation.Geolocation\" /></feature>",
                            "count": 1
                        },
                        {
                            "xml": "<feature name=\"Whitelist\"><param name=\"android-package\" value=\"org.apache.cordova.whitelist.WhitelistPlugin\" /><param name=\"onload\" value=\"true\" /></feature>",
                            "count": 1
                        }
                    ]
                }
            },
            "config.xml": {
                "parents": {
                    "/*": [
                        {
                            "xml": "<feature name=\"Diagnostic\"><param name=\"android-package\" value=\"cordova.plugins.Diagnostic\" /></feature>",
                            "count": 1
                        },
                        {
                            "xml": "<feature name=\"Miplugin\"><param name=\"android-package\" value=\"cordova.plugins.Miplugin\" /></feature>",
                            "count": 1
                        }
                    ]
                }
            }
        }
    },
    "installed_plugins": {
        "cordova-plugin-compat": {
            "PACKAGE_NAME": "com.ionicframework.demomovies787161"
        },
        "cordova-plugin-geolocation": {
            "PACKAGE_NAME": "com.ionicframework.demomovies787161"
        },
        "cordova.plugins.diagnostic.api-22": {
            "PACKAGE_NAME": "com.ionicframework.demomovies787161"
        },
        "cordova-plugin-whitelist": {
            "PACKAGE_NAME": "com.ionicframework.demomovies787161"
        },
        "cordova.plugins.miplugin": {
            "PACKAGE_NAME": "com.ionicframework.demomovies787161"
        }
    },
    "dependent_plugins": {},
    "modules": [
        {
            "file": "plugins/cordova-plugin-geolocation/www/android/geolocation.js",
            "id": "cordova-plugin-geolocation.geolocation",
            "clobbers": [
                "navigator.geolocation"
            ]
        },
        {
            "file": "plugins/cordova-plugin-geolocation/www/PositionError.js",
            "id": "cordova-plugin-geolocation.PositionError",
            "runs": true
        },
        {
            "file": "plugins/cordova.plugins.diagnostic.api-22/www/android/diagnostic.js",
            "id": "cordova.plugins.diagnostic.api-22.Diagnostic",
            "clobbers": [
                "cordova.plugins.diagnostic"
            ]
        },
        {
            "file": "plugins/cordova.plugins.miplugin/www/android/miplugin.js",
            "id": "cordova.plugins.miplugin.Miplugin",
            "clobbers": [
                "cordova.plugins.miplugin"
            ]
        }
    ],
    "plugin_metadata": {
        "cordova-plugin-compat": "1.0.0",
        "cordova-plugin-geolocation": "2.2.0",
        "cordova.plugins.diagnostic.api-22": "2.3.10-api-22",
        "cordova-plugin-whitelist": "1.2.3-dev",
        "cordova.plugins.miplugin": "1.0.0"
    }
}